ddG,dTm
-2.268880844116211,-12.57220458984375
